{"cameraMode":{"drawMode":0,"name":"Shaded","section":"Shading Mode"},"sceneLighting":false,"audioPlay":false,"sceneViewState":{"m_AlwaysRefresh":false,"showFog":true,"showSkybox":false,"showFlares":true,"showImageEffects":true,"showParticleSystems":true,"showVisualEffectGraphs":true,"m_FxEnabled":true},"in2DMode":false,"pivot":{"x":-0.0390276163816452,"y":0.1592079997062683,"z":0.014611445367336274},"rotation":{"x":-0.1564442217350006,"y":-0.7771113514900208,"z":0.21282176673412324,"w":-0.571250855922699},"size":0.2429438829421997,"orthographic":false}